event_id	date_display	date_sort	actors	proof_code	title	capacity_delta	source_primary_ref
EVT-1776-BIRTH-ADM	15 septembre 1776	1776-09-15	Antoine Dominique Mariani ; Marie Madeleine Arrighi de Casanova	P	Naissance d’Antoine Dominique Mariani à Muracciole / Corte	Constitution du point d'ancrage généalogique de la branche	Wikipedia / Geneanet / Meurgey 1933
EVT-1806-NAPLES-SALICETI	1806	1806	A.D. Mariani ; Christophe Saliceti ; Joseph Bonaparte	E/P	Mission à Naples au service de Joseph Bonaparte avec Saliceti	Accès direct à la haute administration d'Empire	Notice biographique / Archives de Naples
EVT-1811-SUBPREFECT-CORTE	1811	1811	Antoine Dominique Mariani ; Napoléon Ier	E/P	Nomination comme sous-préfet de l'arrondissement de Corte	Apogée administratif local ; acquisition et aménagement du domaine familial de Minesteggio	Dictionnaire des préfets / Archives départementales
EVT-1813-BARON-WESTPHALIE	1813	1813	Antoine Dominique Mariani ; Roi Jérôme Bonaparte	E/D	Attribution du titre de baron westphalien par le Roi Jérôme Bonaparte	Titre de baron conféré dans la débâcle de la fin du Royaume de Westphalie, au moment où le Journal Officiel cesse de paraître	Décret Westphalie 1813 / Archives de Cassel / Mémoire familial
EVT-1815-CENT-JOURS	1815	1815	A.D. Mariani ; Jean-Thomas Arrighi de Casanova (duc de Padoue)	E	Ralliement aux Cent-Jours et commandement de la Garde nationale de Corte	Fidélité bonapartiste ; maintien territorial malgré la chute de l'Empire	Archives militaires / Cent-Jours Corse
EVT-1845-DEATH-ADM	8 décembre 1845	1845-12-08	Antoine Dominique Mariani ; cohéritiers Mariani	P/O	Décès d’Antoine Dominique Mariani	Première épreuve de partage successoral sous le Code civil de 1804	Convergence secondaire / Acte de décès à obtenir
EVT-1853-MARRIAGE-DANGELIS	12 juin 1853	1853-06-12	Louis-Hugues Mariani ; Marie Joséphine d’Angelis	P/O	Mariage de Louis-Hugues Mariani et Marie Joséphine d’Angelis à Bastia	Alliance d’Angelis / Mariani ; ancrage du tombeau de Bastia	Geneanet / Acte de mariage à fermer
EVT-1857-DEPUTY-LT	1857	1857	Louis-Thomas Mariani ; Napoléon III	E	Élection de Louis-Thomas Mariani au Corps législatif (IIe législature)	Accès à la tribune parlementaire nationale et majorité dynastique	Assemblée nationale (Sycomore)
EVT-1863-ELECTION-GAVINI	7 juin 1863	1863-06-07	Louis-Thomas Mariani ; Sampiero Gavini ; Préfet de Corse	E	Défaite électorale du candidat officiel Mariani face à Gavini (RC-01)	Perte du mandat législatif national et fin de l'hégémonie politique	Protestation 1863 / PV officiel Assemblée
EVT-1870-CHAPELLE-BASTIA	1870–1876	1870	Marie Joséphine d’Angelis ; Sylvestre d’Angelis ; Dr Manfredi	E	Érection de la chapelle funéraire de Bastia (AR 186) et reconnaissance 1876	Création d'un sanctuaire perpétuel familial hors marché	Mémento familial 2024 / Reconnaissance 1876
EVT-1893-MARRIAGE-CASABIANCA	1893	1893	Pierre Mariani ; Marguerite de Casabianca	S	Mariage du baron Pierre Mariani et de Marguerite de Casabianca	Alliance Mariani / Casabianca ; réactivation des liens notabiliaires	Casabianca 2010 (Moussia) / Acte à obtenir
EVT-1901-BIRTH-MLM	3 août 1901	1901-08-03	Marie-Louise Mariani ; Pierre Mariani ; Marguerite de Casabianca	S/P	Naissance de Marie-Louise Mariani à Bastia	Naissance de l'héritière unique de la branche principale	Casabianca 2010 / Registres Bastia
EVT-1924-DONATION-CORTE	1924	1924	Le Baron Mariani (Pierre ou Albert) ; Ville de Corte	E/P	Donation du terrain du monument aux morts à la Ville de Corte (RC-02)	Aliénation foncière volontaire ; renforcement du capital civique	Ville de Corte, Storia è Patrimoniu, p. 31
EVT-1939-MARRIAGE-ROBERT	Juillet 1939	1939-07	Marie-Louise Mariani ; Jean Robert ; Marguerite Robert	S	Mariage de Marie-Louise Mariani avec Jean Robert	Transmission successorale vers la branche Robert sous le nom légal	Casabianca 2010 / État civil
EVT-1969-LETTER-TOMBEAU	25 février 1969	1969-02-25	Marie-Louise Mariani, épouse Robert	E	Lettre consignant les droits et la mémoire du tombeau familial de Bastia	Préservation documentaire de la continuité funéraire d’Angelis/Mariani	Lettre originale du 25 février 1969
EVT-1995-FOUNDATION-CORSICA	1995	1995	Jean Hugues Noël Robert / Baron Mariani	E	Fondation de l'association C.O.R.S.I.C.A. à Corte	Réactivation de l'engagement civique et démocratique cortenais	Statuts préfecture Haute-Corse 1995
EVT-2026-FONDS-MINESTEGGIO	2026	2026	Jean Hugues Noël Robert / Baron Mariani ; DRAC Corse	E	Constitution du Fonds Barons Mariani pour Minesteggio et inscription DRAC	Sortie définitive du domaine du marché privé par affectation perpétuelle	Dossier DRAC Corse / barons-Mariani
